Date,Stock,Headline,Sentiment,Confidence,Entities,Matched Stocks,Link
2025-11-15,Reliance Industries,RIL shares fall over 2% post Q1 results; analysts say it missed estimates despite impressive numbers - Upstox,NEGATIVE,1.0,"RIL, Upstox",,https://news.google.com/rss/articles/CBMi7AFBVV95cUxQWm4tbUticVZsclpKR0w5NXVtbzl3NG5KeG5YbEU3VzJzYmxoQzlFR1F1bS1MX3ZmenZyeHNtNzFITW12SkdaR19aa1JjTEd5eTJKVjI4TkZ1ZnhwN3VxZFJzdXN6c2RHMVB0RHk3WnhaajhLT0dlejM3d2tzcHN3ZmpINXVIVWxPcjV0Wm1Vd3ExSW5QSDJkMWxYSU05Z1k0RzVWc1FGRTN3UGpnQ1p4VlhDQk54OTVUQnR3YWxXNTFhTEtBWmliM1pfVnU3cGpHQ3MtLUpJbjhZTkFuZE8zQlR1RExWNnZCRzdCVQ?oc=5
2025-11-15,Reliance Industries,What Valuation Gaps Could Correct in Reliance Industries Limited Stock Price - Value Stock Picks & Minimal Capital Investment - earlytimes.in,NEGATIVE,0.993,Reliance Industries Limited,reliance industries,https://news.google.com/rss/articles/CBMiuAFBVV95cUxQMVVwaWxhVGlRalI2RmFEQ3F3TjZ4cjNjVGNTMHJ2d0F3Q3R1YUxwd0tnbjJlZ2ZqanU2OUd0dmNBa0xWQUpvTm1FWDZDcDZNc29VbUlVWXVZSUpReXVZU3FGaXgzVDMwTnNqSkt1LTdkSzU2SEktREx4TDJnX2l3amNvVXdsd3BaMjFMLWdwQ1kwWklMTXd0bG1aaEFpSW03Qzl0UmVHVERKd2JtdUpjWERjdjAxcWNo?oc=5
2025-11-15,Reliance Industries,Reliance Industries' HR chief Ira Bindra named among world's top CHROs - Business Standard,POSITIVE,0.999,"Reliance Industries, Business Standard",reliance industries,https://news.google.com/rss/articles/CBMi1AFBVV95cUxQaTQ4ak1oNUFTc1hYZTBGWFRUWDRhaXJaRFdHZ1h6TDBFWllhT0lBM0ItWnBPWEFQSHZOVHJRdFFTV3l0akc1el9yVDJOOHl3Qlh4N25RVXVZVU16VktLcXZVcU00dmtJLVNXMzZ3TDAzTEFxUENYd1k3bFlJeE9QV1YtcG9JMkxMRGhsR2VXNGMzbVliSGViNVMtUUdyd3VPc0FPV0VYRWxuUFdMRTdCNlVhc2VjUldIMUtIbGlNWXQ3eUNsOUhSZUVoLV8tYjNJSFFPM9IB2gFBVV95cUxNcE5XRHhyRU5GTXhEYkJ6RmY1djlyT0pIQktyVm4zT1RvQm45YmREN3ZuOVpYTHlvdXBoTm95cTNWdGVoZThVd0hWejhfRFNFdVdhX3d1SEVsanRNck93ZGMwVkJzUmhndG9wN0NaS3MtbUZpbHJ0QThLN2d0SUV1dHpESHZnMi1OdjlnaU5vSldxVTJ2Y0RHVHNLSGVwMHJpam8yekdhUG9oMG1TYkFfbk84UjIzZFo1aWc2WW9ySmxINnNORDdlR09pY1FIRjJUeVhTWTItbDBTdw?oc=5
2025-11-15,Reliance Industries,"Reliance Industries' Call Options Surge with 17,725 Contracts at Rs 1,520 Strike Price - Markets Mojo",POSITIVE,0.93,Reliance Industries,reliance industries,https://news.google.com/rss/articles/CBMi2AFBVV95cUxNc2REMXkwSE9qWHpMcEFBSVQ5eDkwVG1KR3ExSTlnXzRiSE5JRGRGckJIOS1aeDkteUlIeVJJdTdXTkczak1IcndwYnRXbHhMc0kwb1lwSmtPWmpqQVlzVjkwaFJyVjc1THk0YjlFbXVxREtnS1Y1NVo3ZWIxRjFpN1NHdS1oMUVGdDgwSEx3aTI2eFVmN2Z3eXFyd3BrTWg0MVpKVWxRNWk2aUJhVllsWC1PZlRRLW1jUDBRR2tLb2VnWTNkOUZ3M3VFaXYxdXNpck51b1U4a3Y?oc=5
2025-11-15,Reliance Industries,Reliance Industries Unveils Plans for 1 GW Data Center in Andhra Pradesh - scanx.trade,NEGATIVE,0.949,"Reliance Industries, ##W Data Center",reliance industries,https://news.google.com/rss/articles/CBMi0wFBVV95cUxPaHZMSktuSWZRX2Z0cWstcUdjSGkzQ05TUkdwMnpyenZad0FnMF9YN29UcnMyQUpjZmhkdnNOUTZnZzJ1Z1ZTZ2NhMi1LMEhwaVBlSy12TWNjTERiNGNQazJ6VVlwa1dGX2xuaWExN2dmYzRUdkZPRTNHWkI4UHlNNk1wc2p6ZzlGYnhkZ3lzU1Npa25DeWdTTTM2bnhPTnd4bzVlcXlNekh3SkhBaE8xSG8tNXFSR3hleFlJaG9xbGRGUl9oUGZKSUtBN3JhdHpOY044?oc=5
2025-11-15,Reliance Industries,Reliance to set up 1-GW AI data centre in Andhra Pradesh - financialexpress.com,NEGATIVE,0.991,"Reliance, ##express, com",,https://news.google.com/rss/articles/CBMisAFBVV95cUxPNUwyaE5ScFZnY0tmbklDWmlXM3VpLVRtbm05OUQ1RTZab2NVQ2MxNHVJXzFPUjVVV0dseGd6MWN6THo4cTBLQXdkSVl5UWYtaXMycEFaNkloWG4zZ1B5Sko0cWkxUXBhREJjaW84aThaTXpabGdmMkp2UjRKZDZucnFaczR1UDZhM25fVEszd3g0ZkthbU5fOWRpSjRDek44dFRwRjZBNFVtN05rRmRLYtIBtwFBVV95cUxOdGE3bHU1cUF4OUNINGs5Rk5CZ3FsM21DS3ZMdms2R1V6amM3OGNPMEV4b3NtWGlPNXhfMWFPT1RlaG1mU2JpaTNSbkMwT28zY1ZhYVZLV0pOaE50RWVWeEpwZEZOeURBek1mTmllaEFCYjFMd3hxNnQ4bU1EMUw5X1VILU9vdGxobG0zMVpMN0lNbFZOby1kY1RXY1JPMEFXSUFuak5WVnVpMENPVFdCRWdzWGQzUEk?oc=5
2025-11-15,Reliance Industries,Reliance Industries inks MoU with Andhra Pradesh govt to set up 1 GW AI data centre - Moneycontrol,NEGATIVE,0.983,"Reliance Industries, Moneycontrol",reliance industries,https://news.google.com/rss/articles/CBMi6gFBVV95cUxQZ19pSHRMVEFINWVRemk2TUxkbTE5OWpXNGEyZHF4Q1dUMHhaM2pMVE90c1ktaGpYY3pxaFh4c1UtdDdhWWM4SzFDOHJLVnZfc0x3cngwVm0tQllFVGNhbGIxUDJzUTk2aTNXNGwtVXRlNE5VeDZONjlmYjZ3NENVVjI3YU9tSGg3ZEpZWUpGYVFnazg0QmpxTUhiVFFkNXFrZlBnV19WWlZHejhKanQzbVdySmhqZ0drR2V3OS1zcm5UU25ZbkJJWWJfVXpuZUZIOHpyZTBXQkN6VXVQS1dycW5VNS16Y2NaYXfSAeoBQVVfeXFMUGdfaUh0TFRBSDVlUXppNk1MZG0xOTlqVzRhMmRxeENXVDB4WjNqTFRPdHNZLWhqWGN6cWhYeHNVLXQ3YVljOEsxQzhyS1Z2X3NMd3J4MFZtLUJZRVRjYWxiMVAyc1E5NmkzVzRsLVV0ZTROVXg2TjY5ZmI2dzRDVVYyN2FPbUhoN2RKWVlKRmFRZ2s4NEJqcU1IYlRRZDVxa2ZQZ1dfVlpWR3o4Smp0M21XckpoamdHa0dldzktc3JuVFNuWW5CSVliX1V6bmVGSDh6cmUwV0JDelV1UEtXcnFuVTUtemNjWmF3?oc=5
2025-11-15,Reliance Industries,"Stock Market LIVE: Sensex Surges 600 Points, Nifty Rises 0.7% As RIL, Airtel Shares Lead - MSN",POSITIVE,0.847,"Sensex, Nifty, RIL, Airtel, MSN",,https://news.google.com/rss/articles/CBMigANBVV95cUxQbm1ZbDBlYVJrenU0RXdnVFRDQ0pWQnZBd3hlNmg3bWUtTVhyRC0yRFVfZ2tYV190ZDJUV19TWEVLeFltai1aeXI3VlJJd28xUUlvcjhKWF9SeldtS29oY1dESW1YRzl3UDZDU3BkZmtVOUYtc19TMDVOR0hJZ0FqU0lHUlRsZUJLTUhiM0hucVdac0h6NlZNTFVUaEFYbDhMdHc1NTZEZ3gwUVo3MkkzUGlTeDhXWVJ2Zks1R1c0ekx0dVl6U3FwXy1lenFBVUp1OEl0Ym9qN1NnNXF5T194Y0k3OTY2enBodzFVclFaSkphc0R2ZU5tS3E2YUg2d1BtaVlfazVLTGJLanJIOGdMdEVpbjNVRGhxRlcwb3phbW1INzNleThTNXY0V0QtbE0xWjdPMmdfX0tkTWlXMkFqaHhzYmNraFI5dUJiRWJrTUZRUllNa2UzdVpzSUdKUXRIb24wZVF0QTJzZ1o4SXQ0TnRnNC1waEpQOV9kUjM2eHM?oc=5
2025-11-15,Reliance Industries,"JioBlackRock Mutual Fund: HDFC Bank, RIL, and ITC among top 10 stock holdings in October - The Economic Times",POSITIVE,0.825,"JioBlackRock Mutual Fund, HDFC Bank, RIL, ITC, The Economic Times","hdfc bank, itc",https://news.google.com/rss/articles/CBMi8AFBVV95cUxOMjJoeVdGZ2E2X0diMnJrVFVkemxkYkpoVUdVb0dGUTM5Y3N5d25XODBBcjB3T19vYnBQcWhVX2lYc1dmRlRqQ2s3akZCUDJmT3hLTGd3Z19pVFRDemxWSlpwQkJOV005bEEwN3ROcExCZmR4T09ZLU01Vkdodk9xU2hYUnBIRmpablpMTDFWcWVJRVZxaTdrZHBxU1RuZTloQ0w0M2tEOHhUTGY4bUF1QnlCY3JQYUd4WFhpVkZZUTdUQWVrMkZLazlURGlWT281RW9HenhPM2QySUNESVNUUDJYWkNqSnU3TmxJcWt0VW0?oc=5
2025-11-15,Reliance Industries,Reliance Industrial Infrastructure Faces Mixed Technical Signals Amid Market Volatility - Markets Mojo,NEGATIVE,0.997,Reliance Industrial Infrastructure,,https://news.google.com/rss/articles/CBMihAJBVV95cUxOWGZHY2I2Y3VHQXlpRl8xaTNuQkNLSDR0SVZ2d01Qcnhhc19MOGRhTGYtQmtFTlNmX2dpREIwR1N3X0p4M01qTG9ZaFI3cjV5ODZMbEItVmlhVi1hV05XemF6aDg4alFVc2NtSjdWbWtuZUUyLXRCTGhFelhJRjZuMEZueVBhNmlCQW4wNTBtTUFMYXpHNVVIcEQwazNmNnVWWkpMOWRpV2kxNVN2WUIyaWlnYW1RV0RVZ19ObEpsVUNEelBsaXdOdGJTSWdiWnI0LXA2cGQzOHFfVzJXRUV1VzdOLVozMmFQY2xaQ1YyaXNLenRHLWdfR0xQbGNmdndVUkpybw?oc=5
2025-11-15,Reliance Industries,Is Refex Industries Limited Stock Set to Outperform Its Peers in YEAR - Volatility Adjusted Trading & Small Investment Growth Plans - earlytimes.in,NEGATIVE,0.961,Refex Industries Limited,,https://news.google.com/rss/articles/CBMinwFBVV95cUxPR2s3ZmthejJWNTcyMTd4d25Zcm5GVVh0eGVpVlRBS00zaDRtUWZhUnVrQWtPR0dyV3JTMmF4RVA0RXVpNzJtRTlKeU5SMzBvcUlrY1FRdDNJOXlTcHpEeldVRU5STWdOVXdXTHJyanJ2dUNnUkREY21ObWp3cUJjZGowNXgzRjZBVGZFX0hJdTFFNUp3T1B6VUstTG9JWFE?oc=5
2025-11-15,Reliance Industries,"RIL to build 1 GW AI data centre in Andhra, deepen investment footprint - Business Standard",POSITIVE,0.589,"RIL, Business Standard",,https://news.google.com/rss/articles/CBMivwFBVV95cUxNMnU0WnhyVlVoa2k2UjVaYjl5UDNlTXVaNzhkYzZoWXUyWExLcTRoRkV3bS02cUo0czVsNzN1SGF4OVVXUkRxQ0MzZmJVbjdQX1Byd01CblhyMm5kZkc3SWU1cGU4TkkwV1FCYkRMTlA0aTk4UkdXb1BDRW5NMnJzMUpzd0tXTkZ4OXRSMlkwTXRaTnRBeXNjVTZOc2o0TWRBRUlNdWhJYXVuYXJLeUFaU3hGaDVKSFV4anpZNzRxVdIBxAFBVV95cUxPbVFpQ3NHT3dncjRTTlhQcXVSVl9jZ2NzWk9iQTlTd2pXOUVCSldfd3E3akc2V2FBN0lxbkt2UkVZemhMemN4dFRKS3JzWWw3Mm82c2RCMmxjOUJDUmdiMjRYNFBUb05XUElxNWNEazJ0a0dqbERuR1NuRUdOblU5cVFjSWlmTVRwa29zdGF5VmVfT2hkT0pETnRPdU9qVFVnanBQOG9aNHY1eWR3eE91N3BQdzlMRGpqSXZPOWEwMVgwMjM0?oc=5
2025-11-15,Reliance Industries,Reliance Industries to set up 1 GW AI Data Centre in Andhra Pradesh: CM Chandrababu Naidu - financialexpress.com,NEGATIVE,0.955,"Reliance Industries, AI Data Centre, financialexpress, com",reliance industries,https://news.google.com/rss/articles/CBMi6gFBVV95cUxQOUU4X2k1VnJWNTNwalhfQThfRnNHUFdpNHVwY2tJVTY2WEcyZUpNZEtqaVFvM293VGw5WnFfa2VJOTh3clFuTXBWeUdscmpWS0pWNmNXTGRVX3JKbVBNQkVPeHNvbEhLU21tVC1UQVRyOTd4T0xxQjJNclZucmUwVktRRlFYcHJaR0REejZNS25XLWVNbDQ5N2JjalpXMGFlaVhzc3Y2Z2s5T1lrUmxMMDJmbWk1Z1dxeFZmRlhKSWNid0Y5WWRybXhBbEFFWFNSZ3FXdXhOM2k2RVNjbkUxcVhPVHBhVTVxOGfSAfABQVVfeXFMT2FpUjM4TWotbFdPVjNTd1J2ck8wTUhaaHFPTzFLdWlWUkl1TVdTVkN5Xy1RLWN5T21YQUcwaEw4VjZ1cVFGdjJuWVR1U2JPM1g2ZldRZWNXMkRVaUFPNFlxM0pnMExPdGY0NDU5ZmpLdWFRMXVlRFF1eEZQSktGTFBiNm5NMEx0V0ZBV3NQOFV6UEtfckVTbnFVTmtLNUlELUdDMi1ScDQxWXh0WHkyUmVEYWIxNklyZmlJNlc4ZEF4SmVNbzBSNWx4b25IelYyNk9vR3ZvS0ZvazM2bHBpQnhMcVlUa2RYQTRxRktyN2V3?oc=5
2025-11-15,Reliance Industries,"FIIs pull out Rs 80,000 crore from 10 bluechip stocks but the selling may finally be getting over - MSN",NEGATIVE,0.998,"F, MSN",,https://news.google.com/rss/articles/CBMi4wFBVV95cUxQWlhweVhHdnppU1pZaGhEVFVaazlfTldFTFBERGs1NmZwTEFoY2lHRmMyUzFldGtUZHRSYVFLeHAwR3ItLU0yX0xPd1FDcktrQmRYTURZcHM5dTNLSXlOOXZsbWwwOGFEOXZJcE5ra1V3X0pNQklhX0lRRmJ4VFhFU1pHVXhkcmFqUlctaHNycDk0dDhkQzJZZTlabGlpOXRpbnVUTm9Jb3J5Q2UxNUVNRXBweTc5UkRjdzhpd19qVEhwbEpxUnpTMmYxRFpxNEVYNHdUTEZ3aVBFOEFSb1pHd3NKbw?oc=5
2025-11-15,Reliance Industries,Jio Leasing Services invests Rs 45 cr in Reliance International Leasing IFSC Pvt Ltd - The Economic Times,NEGATIVE,0.948,"Jio Leasing Services, Reliance International Leasing IFSC, ##vt Ltd, The Economic Times",,https://news.google.com/rss/articles/CBMi-wFBVV95cUxNVTFrRlkzQ0lrajR2OUhQMzRnWGpYX1lmMDRFMFR1SzNDZ2QtclNINDhZMGhnV1hqSkpScy1VQVF0UEV5TnVSWGFuNFpXbWd3WjhmSVVsN3Z6RDlOTWpNSzNNV19kTDVxZ3FpOU8yNlZ6TEtMMFN6RkFHeUdwd0ZKVWZQT1JCNXljUS1sTjV1cXFjVzFGdjREZWZSNlVHSlNUQjlYXzBQNHVQX1hWb2UxV3lUdGxaVjJRTTROdkpIV0xWYnh3VElEYXVZRW1GV0JoNGlxNEV0S2Y1WEVOdFdsZ1JRSlFXWUFoMFhRc2ttWWVGVmxNalJhbk1Na9IB-wFBVV95cUxNVTFrRlkzQ0lrajR2OUhQMzRnWGpYX1lmMDRFMFR1SzNDZ2QtclNINDhZMGhnV1hqSkpScy1VQVF0UEV5TnVSWGFuNFpXbWd3WjhmSVVsN3Z6RDlOTWpNSzNNV19kTDVxZ3FpOU8yNlZ6TEtMMFN6RkFHeUdwd0ZKVWZQT1JCNXljUS1sTjV1cXFjVzFGdjREZWZSNlVHSlNUQjlYXzBQNHVQX1hWb2UxV3lUdGxaVjJRTTROdkpIV0xWYnh3VElEYXVZRW1GV0JoNGlxNEV0S2Y1WEVOdFdsZ1JRSlFXWUFoMFhRc2ttWWVGVmxNalJhbk1Naw?oc=5
2025-11-15,Reliance Industries,"Reliance Industries Sees 10,540 Call Contracts at Rs 1,520 Strike Price - Markets Mojo",NEGATIVE,0.984,Reliance Industries,reliance industries,https://news.google.com/rss/articles/CBMixgFBVV95cUxNVFh6cGZXRFM3c0t4ZTV1S1FheVoxUmpMQUJ5V3N3THdXU3V0MFZCcjNXalA2MXQzMlhYSzk5WkcxTmNwRFhLYWR3MUZjZWVmYXVRb1pVblZhSkhXR3hNaHg2NzJLSlZuRDIxOGwxZVV0Zkw4RTBvTTNMMUNUQ2NlWFVXNUZyZ1M4Z3Vad3BTZmJxbmh4cEYxVUNBWU9XQ3dWWTViQTd3VU9SVjJmX0F1bmpHQTM3dy1icFJxNU5wZGQyaVVXSEE?oc=5
2025-11-15,Reliance Industries,NSE SME stock hits lifetime high for third straight session; do you own? - livemint.com,NEGATIVE,0.991,"NSE SME, ##t, com",,https://news.google.com/rss/articles/CBMi9gFBVV95cUxOdkd5dGZKWWJRSTZNYzI0MU1Pb0tqQ1QwTjQ0LU5pYTd4dVhPTFBfaXNjdXRVSVg3bkVEaHBCYkZ4TEhkOUxNdmJna01taHAtelpKQUFCOVg3bk10bWhUYXlRT1BieFJERWtqR0IwY2dCRWlQV2FONTlPanhtUi14MUVsMjFqT3ZfRk15eWxXSzBOb00xZmlCRHRzbklYcEtwN2l0SFhKT1pDZTBZdWozWjRMTWRLdVR6c25pZ2RnMV80eWtqNTJXVklRdTJQZTFCbDhnZjN5ejBIVkVtOFhSY0JuTnFLazFmMURuS3k5MzZFeDJZU0HSAfsBQVVfeXFMTVV5Um5Dam9DY2FRZkl6RjV2RlNiZjRfSzNfdmZCRkxYRDlhRExCWVQwZTVTTGxiOVJnUlZqOFBfY3BGV1pSSWU5MlZhSTFFRS1icjlMcFMtMmE2NlBEenNzQnlveUJMdHQwZ3JweFY4d1lXOFlKSEhhVEJLZnFvYXBRdlJ6TzdudFVMc1E5b0F1VllUTUpJdHV0Q1JDZWFNZ19kb3hVckVMQmNIM1VTczJXcldYRFJwbXcyRjRRZ1liSVJmbEVKaU1aZnk3WEVWLXhpTk1Ha2gwNjJNSjFOSWpDM0F0ZEJDOUpXNUxRY3RrV2RZTndZOVNSbTg?oc=5
2025-11-15,Reliance Industries,Where Will Reliance Chemotex Industries Limited Stock Be in YEAR5 Growth Forecast - Volatility Adjusted Trading & Free Significant Capital Appreciation - earlytimes.in,NEGATIVE,0.993,Reliance Chemotex Industries Limited,,https://news.google.com/rss/articles/CBMiqAFBVV95cUxONmZZX3RKMENSTHZRZWJ2cFVWWHNWRmx1eHpucTdzd3I4UHhJRWQ1N25kQkhVdkw3cnEyVk5ZWHBCeEFsQy05YktVcEllb0pzcnlHWnZmRzRLZWhKYzlmeTZOYTFoYThrYXF5bThRaUNwUXh3MVN1TUV3VjlFMlQ5Z1A4LVkwcWkwa0RQYzVWWGVTdG9nTWljbkRySXRXYUY2RXpuY2VuMTg?oc=5
2025-11-15,Reliance Industries,Top Growth Drivers Behind Coforge Limited Stocks Recent Surge - Volatility Adjusted Trading & Rapid Profit Growth - earlytimes.in,POSITIVE,0.995,Coforge Limited,,https://news.google.com/rss/articles/CBMiqAFBVV95cUxQMlptc1FnWXF1c1V5QkVTa2hQaTY0RXVBb2tHbWkwZmFtUU1nejduc1cxVGMzV0tKU2IzcjdvVFpwOHNScUR2M2JvRXJrZkZBZFZmdnlWWnRad2VWejdDU3dkdTVNTlNvc0NydXZZNGJCdUpBOG5lUHNDbjVaSjhMQXRsY3FlZVpBZXY2WmxGcFMxWWdSTUFXamJKbGZIMk82YWNfZUJHX04?oc=5
2025-11-15,Reliance Industries,Reliance Chemotex Stock Jumps 8.27% as Q2 Profit Climbs - HDFC Sky,NEGATIVE,0.994,"Reliance Chemotex, HDFC Sky",,https://news.google.com/rss/articles/CBMiakFVX3lxTE1xbkxoMGlOTWUtQXFCVHVPN3pVX2RWQTRXNWRVOEt5X0h6SHlZdFBjSmFvVVA2d1BsN3EtekdwazlVQVlfSGwtWEZjSGFVLWlNZ0Jnc1BEX1JKZl9SaENDYlpxUXM5V0dmSnc?oc=5
